covariate,coef,exp(coef),se(coef),coef lower 95%,coef upper 95%,exp(coef) lower 95%,exp(coef) upper 95%,cmp to,z,p,-log2(p)
Age,-0.013733052031474168,0.9863608161374539,0.019438959310218187,-0.051832712176441385,0.024366608113493053,0.9494876912871926,1.0246658998732272,0.0,-0.7064705374559491,0.47989556858505944,1.059207603795907
APACHEII,-0.03529408863539293,0.9653214844309794,0.04863189342308885,-0.1306108482446374,0.06002267097385155,0.8775592116589302,1.0618606196868208,0.0,-0.7257395538425908,0.4679984488790674,1.0954243466987375
TLC_D1,-3.1715081574369334e-05,0.9999682854213435,5.468345855689929e-05,-0.0001388926908959806,7.546252774724192e-05,0.9998611169542473,1.0000754653751154,0.0,-0.5799757808180535,0.5619309503566557,0.8315352308081413
TrialArm_num,-0.029368035823915468,0.9710590141890283,0.7086994541914936,-1.4183934419024367,1.3596573702546058,0.24210265661072564,3.89485857874718,0.0,-0.04143933743736185,0.9669456529765298,0.04849328934719995
Gender_binary,0.640450173471092,1.8973348168808477,1.1258279730068543,-1.5661321064100746,2.847032453352259,0.20885143723313643,17.23655558726087,0.0,0.568870368143884,0.5694441159023951,0.8123738291901016
